keyword,search_volume_google_ru,note
amphetamine mac,320,brand/tool EN in RU geo
caffeine mac,480,brand/tool EN in RU geo
keepingyouawake,40,brand/tool EN in RU geo
caffeinate,320,brand/tool EN in RU geo
macbook не засыпать,,no Google Ads volume; see suggest + how-to articles
macbook работает с закрытой крышкой,,no Google Ads volume; see suggest + how-to articles
программа не давать маку заснуть,,no Google Ads volume; see suggest + how-to articles
запретить сон macbook,,no Google Ads volume; see suggest + how-to articles
как отключить сон macbook,,no Google Ads volume; see suggest + how-to articles
macbook закрыл крышку продолжает работать,,no Google Ads volume; see suggest + how-to articles
