search_volume,keyword
1900,amphetamine mac
50,amphetamine github
20,amphetamine mac brew
20,amphetamine mac dmg
10,amphetamine mac reddit
,amphetamine mac free
,amphetamine mac reddit
,amphetamine mac brew
,amphetamine mac dmg
,amphetamine mac website
,amphetamine mac cli
,amphetamine github
,amphetamine mac vs caffeine
,amphetamine github ios
,amphetamine enhancer
,amphetamine power protect
,amphetamine vs caffeine mac
,amphetamine cli
,amphetamine extension
,amphetamine linux
,amphetamine triggers
